CREATE TABLE `locations` (
  `loc_id` int(10) NOT NULL,
  `loc_street` varchar(40) NOT NULL,
  `loc_city` varchar(20) NOT NULL,
  `loc_state` varchar(2) NOT NULL,
  `loc_zip` varchar(5) NOT NULL,
  `loc_name` varchar(15) NOT NULL,
  PRIMARY KEY (`loc_id`)
);

INSERT INTO locations (loc_id, loc_street,loc_city,loc_zip,loc_state,loc_name) VALUES (0,'5882 Orci Rd.','Surat','51754','MD','ALL');
INSERT INTO locations (loc_id, loc_street,loc_city,loc_zip,loc_state,loc_name) VALUES (1,'5882 Orci Rd.','Surat','51754','MD','HQ');
INSERT INTO locations (loc_id, loc_street,loc_city,loc_zip,loc_state,loc_name) VALUES (2,'1592 Sociis Av.','Zwolle','75453','DE','WareHouse 1');
INSERT INTO locations (loc_id, loc_street,loc_city,loc_zip,loc_state,loc_name) VALUES (3,'3254 Eleifend. Ave','Anklam','30587','CA','WareHouse 2');
INSERT INTO locations (loc_id, loc_street,loc_city,loc_zip,loc_state,loc_name) VALUES (4,'1901 Etiam St.','Magangué','19261','TX','Annex');
INSERT INTO locations (loc_id, loc_street,loc_city,loc_zip,loc_state,loc_name) VALUES (5,'4036 Ipsum. Rd.','Tomohon','00286','NJ','Storage Pod');

CREATE TABLE roles (
  role_id INTEGER PRIMARY KEY,
  role varchar(20) NOT NULL UNIQUE
);

insert into roles (role_id, role) values (1,'Worker');
insert into roles (role_id, role) values (2,'Manager');
insert into roles (role_id, role) values (3,'Admin');

CREATE TABLE users (
  user_id INTEGER PRIMARY KEY,
  email  VARCHAR(75) NOT NULL UNIQUE,
  firstname VARCHAR(50) NOT NULL,
  lastname VARCHAR(75) NOT NULL,
  username VARCHAR(20) NOT NULL
);

insert into users (user_id, email, firstname, lastname, username) values (1,'scott@nurvox.com','Scott', 'Forsyth','scott');
insert into users (user_id, email, firstname, lastname, username) values (2,'ryan.q.stewart@gmail.com','Ryan', 'Stewart','ryan');
insert into users (user_id, email, firstname, lastname, username) values (3,'abellmio@gmail.com','Andrew', 'Bellmio','andrew');
insert into users (user_id, email, firstname, lastname, username) values (4,'nathan.clavelli@yahoo.com','Nathan', 'Clavelli','nathan');

CREATE TABLE user_info (
  user_id INTEGER Primary Key, 
  password  VARCHAR(40)  NOT NULL,
  CONSTRAINT fk_wu2 Foreign Key (user_id) 
  references  users(user_id) on delete cascade   
);

insert into user_info (user_id, password) values (1,'TestPass');
insert into user_info (user_id, password) values (2,'TestPass');
insert into user_info (user_id, password) values (3,'TestPass');
insert into user_info (user_id, password) values (4,'TestPass');

CREATE TABLE user_roles (
  user_id INTEGER NOT NULL,
  role_id INTEGER NOT NULL,
  location INTEGER NOT NULL,
  Constraint PKUR primary key (user_id, role_id),
  Constraint fk_ur1 Foreign Key (user_id) references  
   users(user_id) on delete cascade,   
  Constraint fk_ur2 Foreign Key (role_id) references  
   roles(role_id) on delete cascade,
  Constraint fk_usrloc Foreign Key (location) references  
   locations(loc_id) on delete cascade
);

insert into user_roles (user_id, role_id, location) values (1,3,0);
insert into user_roles (user_id, role_id, location) values (2,3,0);
insert into user_roles (user_id, role_id, location) values (3,3,0);
insert into user_roles (user_id, role_id, location) values (4,3,0);

CREATE TABLE `items` (
  `item_id` int(10) NOT NULL,
  `item_name` varchar(50) NOT NULL,
  `item_qty` int(6) NOT NULL,
  `item_loc` INTEGER NOT NULL,
  CONSTRAINT fk_itmloc Foreign Key (item_loc) 
  references  locations(loc_id) on delete cascade,
  PRIMARY KEY (`item_id`)
);

insert into items (item_id, item_name, item_qty, item_loc) values (1, 'Wine - Chenin Blanc K.w.v.', 871, 3);
insert into items (item_id, item_name, item_qty, item_loc) values (2, 'Icecream - Dstk Cml And Fdg', 637, 1);
insert into items (item_id, item_name, item_qty, item_loc) values (3, 'Rum - Mount Gay Eclipes', 513, 3);
insert into items (item_id, item_name, item_qty, item_loc) values (4, 'Chick Peas - Canned', 519, 3);
insert into items (item_id, item_name, item_qty, item_loc) values (5, 'Island Oasis - Raspberry', 712, 3);
insert into items (item_id, item_name, item_qty, item_loc) values (6, 'Puff Pastry - Sheets', 234, 1);
insert into items (item_id, item_name, item_qty, item_loc) values (7, 'Magnotta Bel Paese Red', 202, 2);
insert into items (item_id, item_name, item_qty, item_loc) values (8, 'Soup - Cream Of Potato / Leek', 434, 5);
insert into items (item_id, item_name, item_qty, item_loc) values (9, 'Corn - Mini', 591, 3);
insert into items (item_id, item_name, item_qty, item_loc) values (10, 'Wine - Magnotta - Red, Baco', 680, 3);
insert into items (item_id, item_name, item_qty, item_loc) values (11, 'Green Tea Refresher', 572, 3);
insert into items (item_id, item_name, item_qty, item_loc) values (12, 'Sproutsmustard Cress', 991, 2);
insert into items (item_id, item_name, item_qty, item_loc) values (13, 'Chocolate - Dark Callets', 883, 5);
insert into items (item_id, item_name, item_qty, item_loc) values (14, 'Cheese - Brie, Cups 125g', 176, 5);
insert into items (item_id, item_name, item_qty, item_loc) values (15, 'Soup - Campbells, Spinach Crm', 578, 2);
insert into items (item_id, item_name, item_qty, item_loc) values (16, 'Assorted Desserts', 759, 3);
insert into items (item_id, item_name, item_qty, item_loc) values (17, 'Wiberg Cure', 719, 3);
insert into items (item_id, item_name, item_qty, item_loc) values (18, 'Cranberries - Fresh', 349, 3);
insert into items (item_id, item_name, item_qty, item_loc) values (19, 'Nori Sea Weed', 517, 4);
insert into items (item_id, item_name, item_qty, item_loc) values (20, 'Curry Paste - Madras', 692, 3);
insert into items (item_id, item_name, item_qty, item_loc) values (21, 'Sprite, Diet - 355ml', 680, 4);
insert into items (item_id, item_name, item_qty, item_loc) values (22, 'Gin - Gilbeys London, Dry', 499, 5);
insert into items (item_id, item_name, item_qty, item_loc) values (23, 'Glass Clear 8 Oz', 461, 4);
insert into items (item_id, item_name, item_qty, item_loc) values (24, 'Cheese - Mascarpone', 111, 4);
insert into items (item_id, item_name, item_qty, item_loc) values (25, 'Wine - Shiraz Wolf Blass Premium', 208, 2);
insert into items (item_id, item_name, item_qty, item_loc) values (26, 'Cookies Almond Hazelnut', 186, 5);
insert into items (item_id, item_name, item_qty, item_loc) values (27, 'Snapple Raspberry Tea', 869, 4);
insert into items (item_id, item_name, item_qty, item_loc) values (28, 'Soup - French Can Pea', 790, 4);
insert into items (item_id, item_name, item_qty, item_loc) values (29, 'Grand Marnier', 807, 4);
insert into items (item_id, item_name, item_qty, item_loc) values (30, 'Truffle Shells - Semi - Sweet', 933, 2);
insert into items (item_id, item_name, item_qty, item_loc) values (31, 'Wine - Chardonnay South', 72, 2);
insert into items (item_id, item_name, item_qty, item_loc) values (32, 'Wine - Blue Nun Qualitatswein', 156, 2);
insert into items (item_id, item_name, item_qty, item_loc) values (33, 'Puff Pastry - Slab', 387, 4);
insert into items (item_id, item_name, item_qty, item_loc) values (34, 'Bread - Italian Sesame Poly', 603, 4);
insert into items (item_id, item_name, item_qty, item_loc) values (35, 'Ecolab - Power Fusion', 486, 2);
insert into items (item_id, item_name, item_qty, item_loc) values (36, 'Sauce - Salsa', 21, 5);
insert into items (item_id, item_name, item_qty, item_loc) values (37, 'Soap - Mr.clean Floor Soap', 131, 1);
insert into items (item_id, item_name, item_qty, item_loc) values (38, 'Energy Drink', 827, 5);
insert into items (item_id, item_name, item_qty, item_loc) values (39, 'Wine - Penfolds Koonuga Hill', 641, 4);
insert into items (item_id, item_name, item_qty, item_loc) values (40, 'Lettuce - Baby Salad Greens', 401, 1);
insert into items (item_id, item_name, item_qty, item_loc) values (41, 'Flower - Leather Leaf Fern', 818, 1);
insert into items (item_id, item_name, item_qty, item_loc) values (42, 'Madeira', 921, 4);
insert into items (item_id, item_name, item_qty, item_loc) values (43, 'Salmon Atl.whole 8 - 10 Lb', 234, 2);
insert into items (item_id, item_name, item_qty, item_loc) values (44, 'Pate - Liver', 615, 5);
insert into items (item_id, item_name, item_qty, item_loc) values (45, 'Ice Cream Bar - Rolo Cone', 14, 4);
insert into items (item_id, item_name, item_qty, item_loc) values (46, 'Sprouts - Alfalfa', 118, 1);
insert into items (item_id, item_name, item_qty, item_loc) values (47, 'Pasta - Fett Alfredo, Single Serve', 601, 3);
insert into items (item_id, item_name, item_qty, item_loc) values (48, 'Coke - Classic, 355 Ml', 257, 1);
insert into items (item_id, item_name, item_qty, item_loc) values (49, 'Glass - Juice Clear 5oz 55005', 787, 4);
insert into items (item_id, item_name, item_qty, item_loc) values (50, 'Huck Towels White', 870, 5);
insert into items (item_id, item_name, item_qty, item_loc) values (51, 'Juice - Tomato, 48 Oz', 286, 4);
insert into items (item_id, item_name, item_qty, item_loc) values (52, 'Spice - Chili Powder Mexican', 757, 5);
insert into items (item_id, item_name, item_qty, item_loc) values (53, 'Veal - Sweetbread', 775, 4);
insert into items (item_id, item_name, item_qty, item_loc) values (54, 'Wine - Red, Mouton Cadet', 789, 2);
insert into items (item_id, item_name, item_qty, item_loc) values (55, 'Bread - Olive Dinner Roll', 875, 3);
insert into items (item_id, item_name, item_qty, item_loc) values (56, 'Mushroom Morel Fresh', 998, 3);
insert into items (item_id, item_name, item_qty, item_loc) values (57, 'Ocean Spray - Ruby Red', 644, 4);
insert into items (item_id, item_name, item_qty, item_loc) values (58, 'Mix - Cocktail Strawberry Daiquiri', 930, 3);
insert into items (item_id, item_name, item_qty, item_loc) values (59, 'Seedlings - Clamshell', 566, 4);
insert into items (item_id, item_name, item_qty, item_loc) values (60, 'Chocolate - Milk, Callets', 175, 2);
insert into items (item_id, item_name, item_qty, item_loc) values (61, 'Salmon - Canned', 91, 3);
insert into items (item_id, item_name, item_qty, item_loc) values (62, 'Calypso - Lemonade', 274, 4);
insert into items (item_id, item_name, item_qty, item_loc) values (63, 'Crackers - Water', 572, 1);
insert into items (item_id, item_name, item_qty, item_loc) values (64, 'Oysters - Smoked', 152, 3);
insert into items (item_id, item_name, item_qty, item_loc) values (65, 'Appetizer - Cheese Bites', 375, 5);
insert into items (item_id, item_name, item_qty, item_loc) values (66, 'Cheese - Augre Des Champs', 873, 4);
insert into items (item_id, item_name, item_qty, item_loc) values (67, 'Rootbeer', 77, 2);
insert into items (item_id, item_name, item_qty, item_loc) values (68, 'Muffin Mix - Carrot', 444, 5);
insert into items (item_id, item_name, item_qty, item_loc) values (69, 'Gatorade - Xfactor Berry', 807, 3);
insert into items (item_id, item_name, item_qty, item_loc) values (70, 'Tomato Puree', 549, 1);
insert into items (item_id, item_name, item_qty, item_loc) values (71, 'Tarragon - Fresh', 248, 5);
insert into items (item_id, item_name, item_qty, item_loc) values (72, 'Noodles - Steamed Chow Mein', 91, 3);
insert into items (item_id, item_name, item_qty, item_loc) values (73, 'Chicken - Leg, Boneless', 178, 3);
insert into items (item_id, item_name, item_qty, item_loc) values (74, 'Appetiser - Bought', 90, 4);
insert into items (item_id, item_name, item_qty, item_loc) values (75, 'Shopper Bag - S - 4', 442, 3);
insert into items (item_id, item_name, item_qty, item_loc) values (76, 'Cup - Translucent 7 Oz Clear', 930, 4);
insert into items (item_id, item_name, item_qty, item_loc) values (77, 'Container - Clear 16 Oz', 482, 3);
insert into items (item_id, item_name, item_qty, item_loc) values (78, 'Beef - Top Sirloin - Aaa', 312, 4);
insert into items (item_id, item_name, item_qty, item_loc) values (79, 'Pepper - Orange', 294, 2);
insert into items (item_id, item_name, item_qty, item_loc) values (80, 'Gin - Gilbeys London, Dry', 946, 3);
insert into items (item_id, item_name, item_qty, item_loc) values (81, 'Nantucket - Carrot Orange', 888, 1);
insert into items (item_id, item_name, item_qty, item_loc) values (82, 'Fork - Plastic', 742, 3);
insert into items (item_id, item_name, item_qty, item_loc) values (83, 'Parsley - Dried', 222, 2);
insert into items (item_id, item_name, item_qty, item_loc) values (84, 'Evaporated Milk - Skim', 800, 5);
insert into items (item_id, item_name, item_qty, item_loc) values (85, 'Garlic', 207, 3);
insert into items (item_id, item_name, item_qty, item_loc) values (86, 'Shark - Loin', 110, 2);
insert into items (item_id, item_name, item_qty, item_loc) values (87, 'Wine - Valpolicella Masi', 251, 4);
insert into items (item_id, item_name, item_qty, item_loc) values (88, 'Lighter - Bbq', 792, 3);
insert into items (item_id, item_name, item_qty, item_loc) values (89, 'Compound - Strawberry', 956, 1);
insert into items (item_id, item_name, item_qty, item_loc) values (90, 'V8 Pet', 844, 5);
insert into items (item_id, item_name, item_qty, item_loc) values (91, 'Yogurt - Cherry, 175 Gr', 995, 2);
insert into items (item_id, item_name, item_qty, item_loc) values (92, 'Irish Cream - Butterscotch', 799, 4);
insert into items (item_id, item_name, item_qty, item_loc) values (93, 'Coffee - Cafe Moreno', 990, 3);
insert into items (item_id, item_name, item_qty, item_loc) values (94, 'Pasta - Fettuccine, Egg, Fresh', 778, 4);
insert into items (item_id, item_name, item_qty, item_loc) values (95, 'Huck Towels White', 635, 5);
insert into items (item_id, item_name, item_qty, item_loc) values (96, 'Garlic - Peeled', 131, 1);
insert into items (item_id, item_name, item_qty, item_loc) values (97, 'Chocolate - Unsweetened', 801, 3);
insert into items (item_id, item_name, item_qty, item_loc) values (98, 'Onions - Spanish', 455, 4);
insert into items (item_id, item_name, item_qty, item_loc) values (99, 'Venison - Ground', 895, 3);
insert into items (item_id, item_name, item_qty, item_loc) values (100, 'Bread - Frozen Basket Variety', 969, 2);
insert into items (item_id, item_name, item_qty, item_loc) values (101, 'Wine - Ruffino Chianti Classico', 808, 4);
insert into items (item_id, item_name, item_qty, item_loc) values (102, 'Basil - Dry, Rubbed', 324, 3);
insert into items (item_id, item_name, item_qty, item_loc) values (103, 'Cup Translucent 9 Oz', 389, 4);
insert into items (item_id, item_name, item_qty, item_loc) values (104, 'Puree - Strawberry', 132, 1);
insert into items (item_id, item_name, item_qty, item_loc) values (105, 'Sauce - Chili', 496, 5);
insert into items (item_id, item_name, item_qty, item_loc) values (106, 'Pastry - Key Limepoppy Seed Tea', 326, 1);
insert into items (item_id, item_name, item_qty, item_loc) values (107, 'Wine - Red, Cabernet Sauvignon', 549, 4);
insert into items (item_id, item_name, item_qty, item_loc) values (108, 'Muffin - Carrot Individual Wrap', 206, 1);
insert into items (item_id, item_name, item_qty, item_loc) values (109, 'Snapple - Iced Tea Peach', 806, 4);
insert into items (item_id, item_name, item_qty, item_loc) values (110, 'Veal - Slab Bacon', 983, 5);
insert into items (item_id, item_name, item_qty, item_loc) values (111, 'Chips Potato Salt Vinegar 43g', 484, 2);
insert into items (item_id, item_name, item_qty, item_loc) values (112, 'Basil - Fresh', 130, 1);
insert into items (item_id, item_name, item_qty, item_loc) values (113, 'Sugar - Brown', 716, 1);
insert into items (item_id, item_name, item_qty, item_loc) values (114, 'Table Cloth 62x120 Colour', 360, 5);
insert into items (item_id, item_name, item_qty, item_loc) values (115, 'Champagne - Brights, Dry', 479, 5);
insert into items (item_id, item_name, item_qty, item_loc) values (116, 'Pasta - Linguini, Dry', 227, 4);
insert into items (item_id, item_name, item_qty, item_loc) values (117, 'Beer - Original Organic Lager', 144, 1);
insert into items (item_id, item_name, item_qty, item_loc) values (118, 'Cheese - Havarti, Salsa', 321, 2);
insert into items (item_id, item_name, item_qty, item_loc) values (119, 'Cookie Dough - Double', 61, 3);
insert into items (item_id, item_name, item_qty, item_loc) values (120, 'Chick Peas - Canned', 722, 1);
insert into items (item_id, item_name, item_qty, item_loc) values (121, 'Coffee - Dark Roast', 785, 4);
insert into items (item_id, item_name, item_qty, item_loc) values (122, 'Raisin - Dark', 143, 4);
insert into items (item_id, item_name, item_qty, item_loc) values (123, 'Coffee - Decaffeinato Coffee', 864, 2);
insert into items (item_id, item_name, item_qty, item_loc) values (124, 'Salmon Steak - Cohoe 6 Oz', 724, 5);
insert into items (item_id, item_name, item_qty, item_loc) values (125, 'Soup - Campbells Chili', 604, 3);
insert into items (item_id, item_name, item_qty, item_loc) values (126, 'Oxtail - Cut', 146, 2);
insert into items (item_id, item_name, item_qty, item_loc) values (127, 'Vinegar - Raspberry', 844, 2);
insert into items (item_id, item_name, item_qty, item_loc) values (128, 'Wine - Puligny Montrachet A.', 715, 1);
insert into items (item_id, item_name, item_qty, item_loc) values (129, 'Flour - Bread', 330, 5);
insert into items (item_id, item_name, item_qty, item_loc) values (130, 'Kiwano', 955, 4);
insert into items (item_id, item_name, item_qty, item_loc) values (131, 'Mushroom - Chanterelle, Dry', 268, 1);
insert into items (item_id, item_name, item_qty, item_loc) values (132, 'Creme De Cacao White', 805, 1);
insert into items (item_id, item_name, item_qty, item_loc) values (133, 'Beans - Black Bean, Preserved', 343, 5);
insert into items (item_id, item_name, item_qty, item_loc) values (134, 'Juice - Cranberry, 341 Ml', 339, 2);
insert into items (item_id, item_name, item_qty, item_loc) values (135, 'Gloves - Goldtouch Disposable', 589, 4);
insert into items (item_id, item_name, item_qty, item_loc) values (136, 'Sauce - Alfredo', 291, 4);
insert into items (item_id, item_name, item_qty, item_loc) values (137, 'Pastrami', 751, 2);
insert into items (item_id, item_name, item_qty, item_loc) values (138, 'Breadfruit', 646, 3);
insert into items (item_id, item_name, item_qty, item_loc) values (139, 'Vector Energy Bar', 268, 3);
insert into items (item_id, item_name, item_qty, item_loc) values (140, 'Beef - Chuck, Boneless', 618, 1);
insert into items (item_id, item_name, item_qty, item_loc) values (141, 'Squid - Breaded', 344, 5);
insert into items (item_id, item_name, item_qty, item_loc) values (142, 'Cheese - Cream Cheese', 53, 5);
insert into items (item_id, item_name, item_qty, item_loc) values (143, 'Cake - Cake Sheet Macaroon', 573, 3);
insert into items (item_id, item_name, item_qty, item_loc) values (144, 'Ice Cream - Life Savers', 245, 2);
insert into items (item_id, item_name, item_qty, item_loc) values (145, 'Aspic - Amber', 434, 2);
insert into items (item_id, item_name, item_qty, item_loc) values (146, 'Crab - Blue, Frozen', 948, 5);
insert into items (item_id, item_name, item_qty, item_loc) values (147, 'Food Colouring - Pink', 13, 1);
insert into items (item_id, item_name, item_qty, item_loc) values (148, 'Cup Translucent 9 Oz', 939, 4);
insert into items (item_id, item_name, item_qty, item_loc) values (149, 'Wine - Cava Aria Estate Brut', 1000, 1);
insert into items (item_id, item_name, item_qty, item_loc) values (150, 'Rosemary - Fresh', 312, 3);
insert into items (item_id, item_name, item_qty, item_loc) values (151, 'Table Cloth 120 Round White', 284, 3);
insert into items (item_id, item_name, item_qty, item_loc) values (152, 'Jello - Assorted', 381, 1);
insert into items (item_id, item_name, item_qty, item_loc) values (153, 'Puff Pastry - Sheets', 766, 5);
insert into items (item_id, item_name, item_qty, item_loc) values (154, 'Swiss Chard - Red', 149, 1);
insert into items (item_id, item_name, item_qty, item_loc) values (155, 'Beer - Alexander Kieths, Pale Ale', 937, 1);
insert into items (item_id, item_name, item_qty, item_loc) values (156, 'Beer - Pilsner Urquell', 771, 3);
insert into items (item_id, item_name, item_qty, item_loc) values (157, 'Wine - Vidal Icewine Magnotta', 641, 4);
insert into items (item_id, item_name, item_qty, item_loc) values (158, 'Chocolate - Dark Callets', 170, 4);
insert into items (item_id, item_name, item_qty, item_loc) values (159, 'Spinach - Baby', 232, 1);
insert into items (item_id, item_name, item_qty, item_loc) values (160, 'Rice Paper', 190, 2);
insert into items (item_id, item_name, item_qty, item_loc) values (161, 'Milk - Chocolate 250 Ml', 951, 1);
insert into items (item_id, item_name, item_qty, item_loc) values (162, 'Yucca', 757, 1);
insert into items (item_id, item_name, item_qty, item_loc) values (163, 'Apples - Spartan', 418, 4);
insert into items (item_id, item_name, item_qty, item_loc) values (164, 'Nut - Pecan, Halves', 754, 5);
insert into items (item_id, item_name, item_qty, item_loc) values (165, 'Beef - Ox Tongue, Pickled', 311, 2);
insert into items (item_id, item_name, item_qty, item_loc) values (166, 'Soup - Knorr, French Onion', 282, 3);
insert into items (item_id, item_name, item_qty, item_loc) values (167, 'Asparagus - White, Canned', 676, 4);
insert into items (item_id, item_name, item_qty, item_loc) values (168, 'Mayonnaise - Individual Pkg', 81, 1);
insert into items (item_id, item_name, item_qty, item_loc) values (169, 'Momiji Oroshi Chili Sauce', 521, 5);
insert into items (item_id, item_name, item_qty, item_loc) values (170, 'Napkin - Dinner, White', 280, 1);
insert into items (item_id, item_name, item_qty, item_loc) values (171, 'Onions - Vidalia', 351, 1);
insert into items (item_id, item_name, item_qty, item_loc) values (172, 'Veal - Osso Bucco', 90, 3);
insert into items (item_id, item_name, item_qty, item_loc) values (173, 'Vaccum Bag - 14x20', 530, 5);
insert into items (item_id, item_name, item_qty, item_loc) values (174, 'Wine - Fontanafredda Barolo', 660, 4);
insert into items (item_id, item_name, item_qty, item_loc) values (175, 'Nut - Pecan, Pieces', 42, 4);
insert into items (item_id, item_name, item_qty, item_loc) values (176, 'Grapefruit - Pink', 82, 2);
insert into items (item_id, item_name, item_qty, item_loc) values (177, 'Dried Cherries', 593, 2);
insert into items (item_id, item_name, item_qty, item_loc) values (178, 'Tomatoes Tear Drop Yellow', 940, 4);
insert into items (item_id, item_name, item_qty, item_loc) values (179, 'Cookie Dough - Peanut Butter', 319, 2);
insert into items (item_id, item_name, item_qty, item_loc) values (180, 'Appetizer - Tarragon Chicken', 952, 5);
insert into items (item_id, item_name, item_qty, item_loc) values (181, 'Trout - Hot Smkd, Dbl Fillet', 212, 2);
insert into items (item_id, item_name, item_qty, item_loc) values (182, 'Wine - White Cab Sauv.on', 655, 5);
insert into items (item_id, item_name, item_qty, item_loc) values (183, 'Cheese - Woolwich Goat, Log', 413, 4);
insert into items (item_id, item_name, item_qty, item_loc) values (184, 'Muffin Chocolate Individual Wrap', 532, 1);
insert into items (item_id, item_name, item_qty, item_loc) values (185, 'Wine - White, Mosel Gold', 649, 1);
insert into items (item_id, item_name, item_qty, item_loc) values (186, 'Oil - Sesame', 149, 3);
insert into items (item_id, item_name, item_qty, item_loc) values (187, 'Lettuce - Lolla Rosa', 95, 3);
insert into items (item_id, item_name, item_qty, item_loc) values (188, 'Yeast - Fresh, Fleischman', 680, 3);
insert into items (item_id, item_name, item_qty, item_loc) values (189, 'Artichokes - Jerusalem', 302, 5);
insert into items (item_id, item_name, item_qty, item_loc) values (190, 'Mint - Fresh', 111, 5);
insert into items (item_id, item_name, item_qty, item_loc) values (191, 'Wine - Magnotta - Belpaese', 72, 4);
insert into items (item_id, item_name, item_qty, item_loc) values (192, 'Cheese - Parmigiano Reggiano', 942, 5);
insert into items (item_id, item_name, item_qty, item_loc) values (193, 'Pastry - Chocolate Chip Muffin', 812, 2);
insert into items (item_id, item_name, item_qty, item_loc) values (194, 'Bouq All Italian - Primerba', 240, 3);
insert into items (item_id, item_name, item_qty, item_loc) values (195, 'Sauce - Demi Glace', 577, 1);
insert into items (item_id, item_name, item_qty, item_loc) values (196, 'Yeast Dry - Fleischman', 204, 5);
insert into items (item_id, item_name, item_qty, item_loc) values (197, 'Magnotta - Bel Paese White', 228, 3);
insert into items (item_id, item_name, item_qty, item_loc) values (198, 'Sausage - Meat', 393, 5);
insert into items (item_id, item_name, item_qty, item_loc) values (199, 'Soup - Campbells, Beef Barley', 163, 1);
insert into items (item_id, item_name, item_qty, item_loc) values (200, 'Pasta - Canelloni, Single Serve', 308, 1);
insert into items (item_id, item_name, item_qty, item_loc) values (201, 'Cookie - Dough Variety', 487, 3);
insert into items (item_id, item_name, item_qty, item_loc) values (202, 'Shrimp - Black Tiger 8 - 12', 633, 2);
insert into items (item_id, item_name, item_qty, item_loc) values (203, 'Chicken - Whole Roasting', 431, 5);
insert into items (item_id, item_name, item_qty, item_loc) values (204, 'Table Cloth 81x81 Colour', 793, 5);
insert into items (item_id, item_name, item_qty, item_loc) values (205, 'Sauce - Hp', 533, 4);
insert into items (item_id, item_name, item_qty, item_loc) values (206, 'Nut - Almond, Blanched, Ground', 518, 5);
insert into items (item_id, item_name, item_qty, item_loc) values (207, 'Magnotta - Bel Paese White', 917, 1);
insert into items (item_id, item_name, item_qty, item_loc) values (208, 'Cheese - Cheddar, Mild', 834, 3);
insert into items (item_id, item_name, item_qty, item_loc) values (209, 'Longos - Assorted Sandwich', 119, 4);
insert into items (item_id, item_name, item_qty, item_loc) values (210, 'Versatainer Nc - 888', 386, 2);
insert into items (item_id, item_name, item_qty, item_loc) values (211, 'Tart - Raisin And Pecan', 51, 4);
insert into items (item_id, item_name, item_qty, item_loc) values (212, 'Carbonated Water - Peach', 473, 3);
insert into items (item_id, item_name, item_qty, item_loc) values (213, 'Tomato - Green', 299, 2);
insert into items (item_id, item_name, item_qty, item_loc) values (214, 'Bread Base - Gold Formel', 593, 3);
insert into items (item_id, item_name, item_qty, item_loc) values (215, 'Onions - White', 497, 4);
insert into items (item_id, item_name, item_qty, item_loc) values (216, 'Water - Aquafina Vitamin', 137, 3);
insert into items (item_id, item_name, item_qty, item_loc) values (217, 'Muffin Mix - Raisin Bran', 261, 5);
insert into items (item_id, item_name, item_qty, item_loc) values (218, 'Table Cloth 72x144 White', 838, 2);
insert into items (item_id, item_name, item_qty, item_loc) values (219, 'Mini - Vol Au Vents', 214, 2);
insert into items (item_id, item_name, item_qty, item_loc) values (220, 'Green Tea Refresher', 775, 5);
insert into items (item_id, item_name, item_qty, item_loc) values (221, 'Cod - Fillets', 604, 3);
insert into items (item_id, item_name, item_qty, item_loc) values (222, 'Bread - White Mini Epi', 535, 5);
insert into items (item_id, item_name, item_qty, item_loc) values (223, 'Tomatillo', 73, 3);
insert into items (item_id, item_name, item_qty, item_loc) values (224, 'Gingerale - Diet - Schweppes', 575, 4);
insert into items (item_id, item_name, item_qty, item_loc) values (225, 'Appetizer - Mango Chevre', 861, 2);
insert into items (item_id, item_name, item_qty, item_loc) values (226, 'Lettuce - Belgian Endive', 917, 3);
insert into items (item_id, item_name, item_qty, item_loc) values (227, 'Flax Seed', 683, 2);
insert into items (item_id, item_name, item_qty, item_loc) values (228, 'Cranberries - Dry', 193, 3);
insert into items (item_id, item_name, item_qty, item_loc) values (229, 'Sauce - Demi Glace', 455, 3);
insert into items (item_id, item_name, item_qty, item_loc) values (230, 'Wine - Saint - Bris 2002, Sauv', 567, 1);
insert into items (item_id, item_name, item_qty, item_loc) values (231, 'Beef - Rib Roast, Cap On', 229, 2);
insert into items (item_id, item_name, item_qty, item_loc) values (232, 'Bagel - Everything Presliced', 370, 3);
insert into items (item_id, item_name, item_qty, item_loc) values (233, 'Milk - Homo', 513, 3);
insert into items (item_id, item_name, item_qty, item_loc) values (234, 'Foam Tray S2', 604, 4);
insert into items (item_id, item_name, item_qty, item_loc) values (235, 'The Pop Shoppe - Cream Soda', 360, 3);
insert into items (item_id, item_name, item_qty, item_loc) values (236, 'Sea Bass - Fillets', 292, 2);
insert into items (item_id, item_name, item_qty, item_loc) values (237, 'Bread - Pumpernickel', 839, 4);
insert into items (item_id, item_name, item_qty, item_loc) values (238, 'Tart Shells - Sweet, 3', 571, 3);
insert into items (item_id, item_name, item_qty, item_loc) values (239, 'Cinnamon - Stick', 715, 2);
insert into items (item_id, item_name, item_qty, item_loc) values (240, 'Wine - White, Ej Gallo', 152, 3);
insert into items (item_id, item_name, item_qty, item_loc) values (241, 'Bread Base - Gold Formel', 367, 1);
insert into items (item_id, item_name, item_qty, item_loc) values (242, 'Broom - Angled', 925, 2);
insert into items (item_id, item_name, item_qty, item_loc) values (243, 'Milk - Homo', 580, 4);
insert into items (item_id, item_name, item_qty, item_loc) values (244, 'Wine - Rhine Riesling Wolf Blass', 49, 1);
insert into items (item_id, item_name, item_qty, item_loc) values (245, 'Tea - Herbal Orange Spice', 872, 1);
insert into items (item_id, item_name, item_qty, item_loc) values (246, 'Lamb - Leg, Diced', 765, 1);
insert into items (item_id, item_name, item_qty, item_loc) values (247, 'Beef - Striploin', 927, 2);
insert into items (item_id, item_name, item_qty, item_loc) values (248, 'Pate - Peppercorn', 405, 2);
insert into items (item_id, item_name, item_qty, item_loc) values (249, 'Wine - Chablis J Moreau Et Fils', 628, 3);
insert into items (item_id, item_name, item_qty, item_loc) values (250, 'Cup - 4oz Translucent', 797, 5);
insert into items (item_id, item_name, item_qty, item_loc) values (251, 'Flavouring - Raspberry', 955, 3);
insert into items (item_id, item_name, item_qty, item_loc) values (252, 'Miso - Soy Bean Paste', 880, 2);
insert into items (item_id, item_name, item_qty, item_loc) values (253, 'Butter - Salted, Micro', 779, 1);
insert into items (item_id, item_name, item_qty, item_loc) values (254, 'Chocolate Liqueur - Godet White', 526, 2);
insert into items (item_id, item_name, item_qty, item_loc) values (255, 'Veal - Brisket, Provimi, Bone - In', 853, 4);
insert into items (item_id, item_name, item_qty, item_loc) values (256, 'Snapple - Mango Maddness', 408, 4);
insert into items (item_id, item_name, item_qty, item_loc) values (257, 'Quiche Assorted', 915, 4);
insert into items (item_id, item_name, item_qty, item_loc) values (258, 'Zucchini - Yellow', 573, 2);
insert into items (item_id, item_name, item_qty, item_loc) values (259, 'Veal - Striploin', 753, 1);
insert into items (item_id, item_name, item_qty, item_loc) values (260, 'Garbag Bags - Black', 763, 5);
insert into items (item_id, item_name, item_qty, item_loc) values (261, 'Pumpkin - Seed', 636, 5);
insert into items (item_id, item_name, item_qty, item_loc) values (262, 'Tea - Lemon Green Tea', 763, 2);
insert into items (item_id, item_name, item_qty, item_loc) values (263, 'Wine - Cava Aria Estate Brut', 899, 4);
insert into items (item_id, item_name, item_qty, item_loc) values (264, 'Dikon', 381, 2);
insert into items (item_id, item_name, item_qty, item_loc) values (265, 'Paper Cocktail Umberlla 80 - 180', 626, 4);
insert into items (item_id, item_name, item_qty, item_loc) values (266, 'Juice - Cranberry, 341 Ml', 662, 2);
insert into items (item_id, item_name, item_qty, item_loc) values (267, 'Pasta - Spaghetti, Dry', 1000, 3);
insert into items (item_id, item_name, item_qty, item_loc) values (268, 'Nantucket - Carrot Orange', 125, 5);
insert into items (item_id, item_name, item_qty, item_loc) values (269, 'Flour Dark Rye', 59, 2);
insert into items (item_id, item_name, item_qty, item_loc) values (270, 'Chocolate - Semi Sweet', 114, 3);
insert into items (item_id, item_name, item_qty, item_loc) values (271, 'Arctic Char - Fresh, Whole', 680, 1);
insert into items (item_id, item_name, item_qty, item_loc) values (272, 'Pepper - Chillies, Crushed', 686, 1);
insert into items (item_id, item_name, item_qty, item_loc) values (273, 'Muffin Mix - Carrot', 861, 3);
insert into items (item_id, item_name, item_qty, item_loc) values (274, 'Soap - Pine Sol Floor Cleaner', 54, 1);
insert into items (item_id, item_name, item_qty, item_loc) values (275, 'Cookie Dough - Chunky', 931, 3);
insert into items (item_id, item_name, item_qty, item_loc) values (276, 'Squid - Breaded', 247, 1);
insert into items (item_id, item_name, item_qty, item_loc) values (277, 'Soupfoamcont12oz 112con', 340, 1);
insert into items (item_id, item_name, item_qty, item_loc) values (278, 'Vinegar - Tarragon', 242, 1);
insert into items (item_id, item_name, item_qty, item_loc) values (279, 'Cheese - Brie,danish', 245, 1);
insert into items (item_id, item_name, item_qty, item_loc) values (280, 'Lamb - Shoulder, Boneless', 535, 1);
insert into items (item_id, item_name, item_qty, item_loc) values (281, 'Energy Drink', 664, 3);
insert into items (item_id, item_name, item_qty, item_loc) values (282, 'Celery', 558, 4);
insert into items (item_id, item_name, item_qty, item_loc) values (283, 'Shopper Bag - S - 4', 643, 2);
insert into items (item_id, item_name, item_qty, item_loc) values (284, 'Tea - Black Currant', 275, 5);
insert into items (item_id, item_name, item_qty, item_loc) values (285, 'Sauce - Cranberry', 417, 5);
insert into items (item_id, item_name, item_qty, item_loc) values (286, 'Phyllo Dough', 801, 3);
insert into items (item_id, item_name, item_qty, item_loc) values (287, 'Pork - Ground', 526, 4);
insert into items (item_id, item_name, item_qty, item_loc) values (288, 'Tea - Earl Grey', 41, 3);
insert into items (item_id, item_name, item_qty, item_loc) values (289, 'Pail - 4l White, With Handle', 738, 1);
insert into items (item_id, item_name, item_qty, item_loc) values (290, 'Pie Shell - 9', 502, 2);
insert into items (item_id, item_name, item_qty, item_loc) values (291, 'Urban Zen Drinks', 370, 2);
insert into items (item_id, item_name, item_qty, item_loc) values (292, 'Sauce - Balsamic Viniagrette', 949, 3);
insert into items (item_id, item_name, item_qty, item_loc) values (293, 'Soy Protein', 205, 1);
insert into items (item_id, item_name, item_qty, item_loc) values (294, 'Gatorade - Xfactor Berry', 88, 4);
insert into items (item_id, item_name, item_qty, item_loc) values (295, 'Ocean Spray - Ruby Red', 473, 4);
insert into items (item_id, item_name, item_qty, item_loc) values (296, 'Flour - Fast / Rapid', 544, 3);
insert into items (item_id, item_name, item_qty, item_loc) values (297, 'Squid Ink', 845, 5);
insert into items (item_id, item_name, item_qty, item_loc) values (298, 'Beef - Top Sirloin', 741, 3);
insert into items (item_id, item_name, item_qty, item_loc) values (299, 'Muffin Mix - Chocolate Chip', 706, 5);
insert into items (item_id, item_name, item_qty, item_loc) values (300, 'Tea - Jasmin Green', 836, 1);
insert into items (item_id, item_name, item_qty, item_loc) values (301, 'Butter - Unsalted', 259, 3);
insert into items (item_id, item_name, item_qty, item_loc) values (302, 'Plasticspoonblack', 285, 3);
insert into items (item_id, item_name, item_qty, item_loc) values (303, 'Soup Campbells Mexicali Tortilla', 586, 3);
insert into items (item_id, item_name, item_qty, item_loc) values (304, 'Vinegar - Balsamic', 100, 3);
insert into items (item_id, item_name, item_qty, item_loc) values (305, 'Broom - Corn', 882, 3);
insert into items (item_id, item_name, item_qty, item_loc) values (306, 'Coke - Classic, 355 Ml', 257, 4);
insert into items (item_id, item_name, item_qty, item_loc) values (307, 'Pork - Chop, Frenched', 766, 1);
insert into items (item_id, item_name, item_qty, item_loc) values (308, 'Shrimp - 16/20, Iqf, Shell On', 859, 1);
insert into items (item_id, item_name, item_qty, item_loc) values (309, 'Soup - Campbells', 767, 1);
insert into items (item_id, item_name, item_qty, item_loc) values (310, 'Tomatoes - Cherry, Yellow', 434, 2);
insert into items (item_id, item_name, item_qty, item_loc) values (311, 'Dried Figs', 625, 1);
insert into items (item_id, item_name, item_qty, item_loc) values (312, 'Flour - Rye', 206, 4);
insert into items (item_id, item_name, item_qty, item_loc) values (313, 'Oil - Shortening,liqud, Fry', 187, 5);
insert into items (item_id, item_name, item_qty, item_loc) values (314, 'Muffin - Zero Transfat', 986, 4);
insert into items (item_id, item_name, item_qty, item_loc) values (315, 'Chips Potato Salt Vinegar 43g', 769, 3);
insert into items (item_id, item_name, item_qty, item_loc) values (316, 'Flour - Strong Pizza', 494, 3);
insert into items (item_id, item_name, item_qty, item_loc) values (317, 'Pasta - Penne, Rigate, Dry', 612, 5);
insert into items (item_id, item_name, item_qty, item_loc) values (318, 'Langers - Ruby Red Grapfruit', 794, 1);
insert into items (item_id, item_name, item_qty, item_loc) values (319, 'Oven Mitt - 13 Inch', 709, 5);
insert into items (item_id, item_name, item_qty, item_loc) values (320, 'Island Oasis - Sweet And Sour Mix', 51, 1);
insert into items (item_id, item_name, item_qty, item_loc) values (321, 'Cake Circle, Paprus', 122, 3);
insert into items (item_id, item_name, item_qty, item_loc) values (322, 'Pasta - Ravioli', 97, 3);
insert into items (item_id, item_name, item_qty, item_loc) values (323, 'Mustard Prepared', 430, 4);
insert into items (item_id, item_name, item_qty, item_loc) values (324, 'Oil - Cooking Spray', 669, 5);
insert into items (item_id, item_name, item_qty, item_loc) values (325, 'Pastry - Cheese Baked Scones', 225, 5);
insert into items (item_id, item_name, item_qty, item_loc) values (326, 'Lettuce - Red Leaf', 777, 1);
insert into items (item_id, item_name, item_qty, item_loc) values (327, 'Brandy - Bar', 405, 2);
insert into items (item_id, item_name, item_qty, item_loc) values (328, 'Jolt Cola', 799, 5);
insert into items (item_id, item_name, item_qty, item_loc) values (329, 'Beer - Moosehead', 986, 1);
insert into items (item_id, item_name, item_qty, item_loc) values (330, 'Flour - Corn, Fine', 939, 5);
insert into items (item_id, item_name, item_qty, item_loc) values (331, 'Wine - Casillero Deldiablo', 61, 3);
insert into items (item_id, item_name, item_qty, item_loc) values (332, 'Red Pepper Paste', 181, 3);
insert into items (item_id, item_name, item_qty, item_loc) values (333, 'Puff Pastry - Slab', 222, 3);
insert into items (item_id, item_name, item_qty, item_loc) values (334, 'Beef - Salted', 14, 4);
insert into items (item_id, item_name, item_qty, item_loc) values (335, 'Wine - Two Oceans Cabernet', 761, 3);
insert into items (item_id, item_name, item_qty, item_loc) values (336, 'Pineapple - Golden', 575, 4);
insert into items (item_id, item_name, item_qty, item_loc) values (337, 'Red Cod Fillets - 225g', 29, 2);
insert into items (item_id, item_name, item_qty, item_loc) values (338, 'Lettuce - Red Leaf', 170, 2);
insert into items (item_id, item_name, item_qty, item_loc) values (339, 'Chocolate Bar - Oh Henry', 668, 2);
insert into items (item_id, item_name, item_qty, item_loc) values (340, 'Cheese - Shred Cheddar / Mozza', 753, 5);
insert into items (item_id, item_name, item_qty, item_loc) values (341, 'Fish - Base, Bouillion', 225, 3);
insert into items (item_id, item_name, item_qty, item_loc) values (342, 'Pepper - Black, Ground', 594, 4);
insert into items (item_id, item_name, item_qty, item_loc) values (343, 'Wine - Alsace Riesling Reserve', 273, 3);
insert into items (item_id, item_name, item_qty, item_loc) values (344, 'Wine - White, Pinot Grigio', 489, 4);
insert into items (item_id, item_name, item_qty, item_loc) values (345, 'Sesame Seed Black', 254, 1);
insert into items (item_id, item_name, item_qty, item_loc) values (346, 'Hummus - Spread', 215, 5);
insert into items (item_id, item_name, item_qty, item_loc) values (347, 'Corn - On The Cob', 103, 3);
insert into items (item_id, item_name, item_qty, item_loc) values (348, 'Seedlings - Clamshell', 827, 1);
insert into items (item_id, item_name, item_qty, item_loc) values (349, 'Cocoa Feuilletine', 528, 2);
insert into items (item_id, item_name, item_qty, item_loc) values (350, 'Beans - Yellow', 877, 5);
insert into items (item_id, item_name, item_qty, item_loc) values (351, 'Jolt Cola - Red Eye', 142, 1);
insert into items (item_id, item_name, item_qty, item_loc) values (352, 'Beer - Steamwhistle', 133, 2);
insert into items (item_id, item_name, item_qty, item_loc) values (353, 'Shrimp - 150 - 250', 990, 5);
insert into items (item_id, item_name, item_qty, item_loc) values (354, 'Quinoa', 187, 2);
insert into items (item_id, item_name, item_qty, item_loc) values (355, 'Wine - Red, Cooking', 46, 1);
insert into items (item_id, item_name, item_qty, item_loc) values (356, 'Swiss Chard', 30, 2);
insert into items (item_id, item_name, item_qty, item_loc) values (357, 'Pepper - Cubanelle', 236, 5);
insert into items (item_id, item_name, item_qty, item_loc) values (358, 'Ostrich - Prime Cut', 948, 2);
insert into items (item_id, item_name, item_qty, item_loc) values (359, 'Liners - Baking Cups', 553, 4);
insert into items (item_id, item_name, item_qty, item_loc) values (360, 'Jolt Cola', 568, 2);
insert into items (item_id, item_name, item_qty, item_loc) values (361, 'Dehydrated Kelp Kombo', 590, 5);
insert into items (item_id, item_name, item_qty, item_loc) values (362, 'Appetizer - Sausage Rolls', 360, 1);
insert into items (item_id, item_name, item_qty, item_loc) values (363, 'Veal - Sweetbread', 527, 2);
insert into items (item_id, item_name, item_qty, item_loc) values (364, 'Wine - Pinot Noir Stoneleigh', 844, 1);
insert into items (item_id, item_name, item_qty, item_loc) values (365, 'Ecolab - Orange Frc, Cleaner', 976, 2);
insert into items (item_id, item_name, item_qty, item_loc) values (366, 'Muffin Mix - Banana Nut', 293, 2);
insert into items (item_id, item_name, item_qty, item_loc) values (367, 'Water - Green Tea Refresher', 601, 5);
insert into items (item_id, item_name, item_qty, item_loc) values (368, 'Sage - Rubbed', 813, 3);
insert into items (item_id, item_name, item_qty, item_loc) values (369, 'Bread - Rosemary Focaccia', 7, 5);
insert into items (item_id, item_name, item_qty, item_loc) values (370, 'Coffee - Colombian, Portioned', 437, 1);
insert into items (item_id, item_name, item_qty, item_loc) values (371, 'Table Cloth 120 Round White', 344, 3);
insert into items (item_id, item_name, item_qty, item_loc) values (372, 'Pear - Asian', 792, 4);
insert into items (item_id, item_name, item_qty, item_loc) values (373, 'Fudge - Cream Fudge', 202, 2);
insert into items (item_id, item_name, item_qty, item_loc) values (374, 'Beef - Prime Rib Aaa', 79, 2);
insert into items (item_id, item_name, item_qty, item_loc) values (375, 'Table Cloth 54x72 White', 768, 5);
insert into items (item_id, item_name, item_qty, item_loc) values (376, 'Ecolab - Power Fusion', 188, 1);
insert into items (item_id, item_name, item_qty, item_loc) values (377, 'Pasta - Agnolotti - Butternut', 403, 3);
insert into items (item_id, item_name, item_qty, item_loc) values (378, 'Coffee - Colombian, Portioned', 649, 4);
insert into items (item_id, item_name, item_qty, item_loc) values (379, 'Sauce - Salsa', 132, 2);
insert into items (item_id, item_name, item_qty, item_loc) values (380, 'Clams - Canned', 402, 2);
insert into items (item_id, item_name, item_qty, item_loc) values (381, 'Gelatine Leaves - Bulk', 774, 5);
insert into items (item_id, item_name, item_qty, item_loc) values (382, 'Mcguinness - Blue Curacao', 233, 2);
insert into items (item_id, item_name, item_qty, item_loc) values (383, 'Cheese - Grana Padano', 570, 4);
insert into items (item_id, item_name, item_qty, item_loc) values (384, 'Melon - Honey Dew', 139, 5);
insert into items (item_id, item_name, item_qty, item_loc) values (385, 'Rolled Oats', 824, 2);
insert into items (item_id, item_name, item_qty, item_loc) values (386, 'Tomatoes - Grape', 962, 5);
insert into items (item_id, item_name, item_qty, item_loc) values (387, 'Soup Campbells', 891, 1);
insert into items (item_id, item_name, item_qty, item_loc) values (388, 'Frangelico', 7, 2);
insert into items (item_id, item_name, item_qty, item_loc) values (389, 'Jolt Cola - Red Eye', 682, 2);
insert into items (item_id, item_name, item_qty, item_loc) values (390, 'Lotus Rootlets - Canned', 520, 2);
insert into items (item_id, item_name, item_qty, item_loc) values (391, 'Hipnotiq Liquor', 683, 3);
insert into items (item_id, item_name, item_qty, item_loc) values (392, 'Bread Base - Gold Formel', 323, 4);
insert into items (item_id, item_name, item_qty, item_loc) values (393, 'Lemonade - Island Tea, 591 Ml', 664, 5);
insert into items (item_id, item_name, item_qty, item_loc) values (394, 'Bread Base - Toscano', 759, 2);
insert into items (item_id, item_name, item_qty, item_loc) values (395, 'Five Alive Citrus', 621, 3);
insert into items (item_id, item_name, item_qty, item_loc) values (396, 'Muffins - Assorted', 2, 5);
insert into items (item_id, item_name, item_qty, item_loc) values (397, 'Wine - Barossa Valley Estate', 301, 4);
insert into items (item_id, item_name, item_qty, item_loc) values (398, 'Soda Water - Club Soda, 355 Ml', 345, 2);
insert into items (item_id, item_name, item_qty, item_loc) values (399, 'Rabbit - Whole', 949, 1);
insert into items (item_id, item_name, item_qty, item_loc) values (400, 'Potatoes - Idaho 80 Count', 294, 5);
insert into items (item_id, item_name, item_qty, item_loc) values (401, 'Ham - Cooked Bayonne Tinned', 503, 5);
insert into items (item_id, item_name, item_qty, item_loc) values (402, 'Mix Pina Colada', 391, 4);
insert into items (item_id, item_name, item_qty, item_loc) values (403, 'Wine - Red, Gallo, Merlot', 973, 3);
insert into items (item_id, item_name, item_qty, item_loc) values (404, 'Oil - Shortening,liqud, Fry', 894, 4);
insert into items (item_id, item_name, item_qty, item_loc) values (405, 'Amaretto', 369, 3);
insert into items (item_id, item_name, item_qty, item_loc) values (406, 'Pastry - French Mini Assorted', 395, 4);
insert into items (item_id, item_name, item_qty, item_loc) values (407, 'Wine - Malbec Trapiche Reserve', 201, 5);
insert into items (item_id, item_name, item_qty, item_loc) values (408, 'Burger Veggie', 723, 4);
insert into items (item_id, item_name, item_qty, item_loc) values (409, 'Drambuie', 383, 5);
insert into items (item_id, item_name, item_qty, item_loc) values (410, 'Lettuce - Green Leaf', 376, 2);
insert into items (item_id, item_name, item_qty, item_loc) values (411, 'Marzipan 50/50', 217, 5);
insert into items (item_id, item_name, item_qty, item_loc) values (412, 'Chips Potato All Dressed - 43g', 201, 3);
insert into items (item_id, item_name, item_qty, item_loc) values (413, 'Pasta - Lasagne, Fresh', 586, 4);
insert into items (item_id, item_name, item_qty, item_loc) values (414, 'Wine - Beringer Founders Estate', 792, 2);
insert into items (item_id, item_name, item_qty, item_loc) values (415, 'Octopus', 442, 3);
insert into items (item_id, item_name, item_qty, item_loc) values (416, 'Sprouts - Peppercress', 724, 4);
insert into items (item_id, item_name, item_qty, item_loc) values (417, 'Frangelico', 174, 2);
insert into items (item_id, item_name, item_qty, item_loc) values (418, 'Lamb - Racks, Frenched', 768, 5);
insert into items (item_id, item_name, item_qty, item_loc) values (419, 'Beer - Mill St Organic', 214, 2);
insert into items (item_id, item_name, item_qty, item_loc) values (420, 'Container - Clear 32 Oz', 151, 2);
insert into items (item_id, item_name, item_qty, item_loc) values (421, 'Pecan Raisin - Tarts', 18, 2);
insert into items (item_id, item_name, item_qty, item_loc) values (422, 'Cheese - Ricotta', 25, 5);
insert into items (item_id, item_name, item_qty, item_loc) values (423, 'Wine - Zonnebloem Pinotage', 75, 1);
insert into items (item_id, item_name, item_qty, item_loc) values (424, 'Cornstarch', 707, 2);
insert into items (item_id, item_name, item_qty, item_loc) values (425, 'Pork Loin Bine - In Frenched', 852, 4);
insert into items (item_id, item_name, item_qty, item_loc) values (426, 'Wine - Mondavi Coastal Private', 606, 4);
insert into items (item_id, item_name, item_qty, item_loc) values (427, 'Carrots - Jumbo', 922, 1);
insert into items (item_id, item_name, item_qty, item_loc) values (428, 'Potatoes - Idaho 100 Count', 777, 4);
insert into items (item_id, item_name, item_qty, item_loc) values (429, 'Bread Base - Goodhearth', 96, 3);
insert into items (item_id, item_name, item_qty, item_loc) values (430, 'Pepper - Cubanelle', 482, 5);
insert into items (item_id, item_name, item_qty, item_loc) values (431, 'Soup Campbells Turkey Veg.', 868, 3);
insert into items (item_id, item_name, item_qty, item_loc) values (432, 'Olive - Spread Tapenade', 707, 2);
insert into items (item_id, item_name, item_qty, item_loc) values (433, 'Pail With Metal Handle 16l White', 946, 5);
insert into items (item_id, item_name, item_qty, item_loc) values (434, 'Pork - Smoked Kassler', 300, 5);
insert into items (item_id, item_name, item_qty, item_loc) values (435, 'Contreau', 662, 4);
insert into items (item_id, item_name, item_qty, item_loc) values (436, 'Stainless Steel Cleaner Vision', 328, 2);
insert into items (item_id, item_name, item_qty, item_loc) values (437, 'Pasta - Tortellini, Fresh', 245, 2);
insert into items (item_id, item_name, item_qty, item_loc) values (438, 'Sauce - Apple, Unsweetened', 689, 1);
insert into items (item_id, item_name, item_qty, item_loc) values (439, 'Asparagus - Green, Fresh', 667, 4);
insert into items (item_id, item_name, item_qty, item_loc) values (440, 'Tea - Darjeeling, Azzura', 317, 2);
insert into items (item_id, item_name, item_qty, item_loc) values (441, 'Chicken - Breast, 5 - 7 Oz', 344, 3);
insert into items (item_id, item_name, item_qty, item_loc) values (442, 'Vol Au Vents', 403, 1);
insert into items (item_id, item_name, item_qty, item_loc) values (443, 'Crab - Blue, Frozen', 645, 3);
insert into items (item_id, item_name, item_qty, item_loc) values (444, 'Squid - Breaded', 678, 5);
insert into items (item_id, item_name, item_qty, item_loc) values (445, 'Munchies Honey Sweet Trail Mix', 979, 4);
insert into items (item_id, item_name, item_qty, item_loc) values (446, 'Wine - Periguita Fonseca', 311, 2);
insert into items (item_id, item_name, item_qty, item_loc) values (447, 'Wine - Malbec Trapiche Reserve', 915, 3);
insert into items (item_id, item_name, item_qty, item_loc) values (448, 'Bread - Frozen Basket Variety', 683, 2);
insert into items (item_id, item_name, item_qty, item_loc) values (449, 'Bandage - Flexible Neon', 245, 1);
insert into items (item_id, item_name, item_qty, item_loc) values (450, 'Wine - Ruffino Chianti Classico', 543, 5);
insert into items (item_id, item_name, item_qty, item_loc) values (451, 'Water Chestnut - Canned', 372, 3);
insert into items (item_id, item_name, item_qty, item_loc) values (452, 'Wine - Rosso Toscano Igt', 254, 5);
insert into items (item_id, item_name, item_qty, item_loc) values (453, 'Milk - 1%', 741, 3);
insert into items (item_id, item_name, item_qty, item_loc) values (454, 'Mcguinness - Blue Curacao', 139, 4);
insert into items (item_id, item_name, item_qty, item_loc) values (455, 'Wine - Black Tower Qr', 764, 2);
insert into items (item_id, item_name, item_qty, item_loc) values (456, 'Grenadine', 400, 2);
insert into items (item_id, item_name, item_qty, item_loc) values (457, 'Pasta - Linguini, Dry', 640, 4);
insert into items (item_id, item_name, item_qty, item_loc) values (458, 'Lighter - Bbq', 249, 3);
insert into items (item_id, item_name, item_qty, item_loc) values (459, 'Amarula Cream', 567, 5);
insert into items (item_id, item_name, item_qty, item_loc) values (460, 'Mushroom - Enoki, Dry', 910, 3);
insert into items (item_id, item_name, item_qty, item_loc) values (461, 'Knife Plastic - White', 761, 5);
insert into items (item_id, item_name, item_qty, item_loc) values (462, 'Steam Pan Full Lid', 235, 1);
insert into items (item_id, item_name, item_qty, item_loc) values (463, 'Eggplant - Baby', 878, 3);
insert into items (item_id, item_name, item_qty, item_loc) values (464, 'Yogurt - Strawberry, 175 Gr', 394, 1);
insert into items (item_id, item_name, item_qty, item_loc) values (465, 'Berry Brulee', 350, 2);
insert into items (item_id, item_name, item_qty, item_loc) values (466, 'Beer - Sleeman Fine Porter', 411, 1);
insert into items (item_id, item_name, item_qty, item_loc) values (467, 'Wine - Ice Wine', 573, 3);
insert into items (item_id, item_name, item_qty, item_loc) values (468, 'Edible Flower - Mixed', 171, 5);
insert into items (item_id, item_name, item_qty, item_loc) values (469, 'Beef - Top Sirloin - Aaa', 973, 1);
insert into items (item_id, item_name, item_qty, item_loc) values (470, 'Waffle Stix', 740, 3);
insert into items (item_id, item_name, item_qty, item_loc) values (471, 'Vinegar - Balsamic', 941, 5);
insert into items (item_id, item_name, item_qty, item_loc) values (472, 'Pineapple - Regular', 918, 2);
insert into items (item_id, item_name, item_qty, item_loc) values (473, 'Compound - Mocha', 184, 1);
insert into items (item_id, item_name, item_qty, item_loc) values (474, 'Dooleys Toffee', 735, 3);
insert into items (item_id, item_name, item_qty, item_loc) values (475, 'Southern Comfort', 650, 2);
insert into items (item_id, item_name, item_qty, item_loc) values (476, 'Grouper - Fresh', 330, 5);
insert into items (item_id, item_name, item_qty, item_loc) values (477, 'Sauce - Ranch Dressing', 499, 3);
insert into items (item_id, item_name, item_qty, item_loc) values (478, 'Sherbet - Raspberry', 424, 5);
insert into items (item_id, item_name, item_qty, item_loc) values (479, 'Oven Mitts 17 Inch', 32, 2);
insert into items (item_id, item_name, item_qty, item_loc) values (480, 'Cheese - Cheddarsliced', 325, 3);
insert into items (item_id, item_name, item_qty, item_loc) values (481, 'Capers - Pickled', 239, 4);
insert into items (item_id, item_name, item_qty, item_loc) values (482, 'Mints - Striped Red', 911, 4);
insert into items (item_id, item_name, item_qty, item_loc) values (483, 'Oregano - Dry, Rubbed', 466, 1);
insert into items (item_id, item_name, item_qty, item_loc) values (484, 'Roe - White Fish', 920, 4);
insert into items (item_id, item_name, item_qty, item_loc) values (485, 'Lobster - Canned Premium', 380, 3);
insert into items (item_id, item_name, item_qty, item_loc) values (486, 'Oil - Cooking Spray', 738, 3);
insert into items (item_id, item_name, item_qty, item_loc) values (487, 'Broom - Push', 923, 3);
insert into items (item_id, item_name, item_qty, item_loc) values (488, 'Bread - Rolls, Corn', 504, 5);
insert into items (item_id, item_name, item_qty, item_loc) values (489, 'Fish - Atlantic Salmon, Cold', 705, 5);
insert into items (item_id, item_name, item_qty, item_loc) values (490, 'Squash - Butternut', 264, 1);
insert into items (item_id, item_name, item_qty, item_loc) values (491, 'Cherries - Frozen', 123, 2);
insert into items (item_id, item_name, item_qty, item_loc) values (492, 'Soup - Boston Clam Chowder', 301, 3);
insert into items (item_id, item_name, item_qty, item_loc) values (493, 'Ice Cream - Vanilla', 526, 5);
insert into items (item_id, item_name, item_qty, item_loc) values (494, 'Ocean Spray - Kiwi Strawberry', 960, 4);
insert into items (item_id, item_name, item_qty, item_loc) values (495, 'Brocolinni - Gaylan, Chinese', 808, 3);
insert into items (item_id, item_name, item_qty, item_loc) values (496, 'Syrup - Monin - Passion Fruit', 806, 2);
insert into items (item_id, item_name, item_qty, item_loc) values (497, 'Bread - Pita', 682, 3);
insert into items (item_id, item_name, item_qty, item_loc) values (498, 'Oil - Food, Lacquer Spray', 588, 3);
insert into items (item_id, item_name, item_qty, item_loc) values (499, 'Muffin Mix - Corn Harvest', 530, 5);
insert into items (item_id, item_name, item_qty, item_loc) values (500, 'Beer - Upper Canada Light', 684, 5);